{"cameraMode":{"drawMode":0,"name":"Shaded","section":"Shading Mode"},"sceneLighting":false,"audioPlay":false,"sceneViewState":{"m_AlwaysRefresh":false,"showFog":true,"showSkybox":false,"showFlares":true,"showImageEffects":true,"showParticleSystems":true,"showVisualEffectGraphs":true,"m_FxEnabled":true},"in2DMode":false,"pivot":{"x":-0.00237312912940979,"y":0.9597022533416748,"z":0.00022581219673156738},"rotation":{"x":-0.27917906641960146,"y":-0.4221043884754181,"z":0.13833248615264893,"w":-0.8514512777328491},"size":0.990962564945221,"orthographic":false}