{"cameraMode":{"drawMode":0,"name":"Shaded","section":"Shading Mode"},"sceneLighting":false,"audioPlay":false,"sceneViewState":{"m_AlwaysRefresh":false,"showFog":true,"showSkybox":false,"showFlares":true,"showImageEffects":true,"showParticleSystems":true,"showVisualEffectGraphs":true,"m_FxEnabled":true},"in2DMode":false,"pivot":{"x":-0.24816763401031495,"y":-0.3661566972732544,"z":0.17148327827453614},"rotation":{"x":0.26476219296455386,"y":-0.46680745482444765,"z":0.15038082003593446,"w":0.8305985927581787},"size":1.0326738357543946,"orthographic":false}