{"cameraMode":{"drawMode":0,"name":"Shaded","section":"Shading Mode"},"sceneLighting":false,"audioPlay":false,"sceneViewState":{"m_AlwaysRefresh":false,"showFog":true,"showSkybox":false,"showFlares":true,"showImageEffects":true,"showParticleSystems":true,"showVisualEffectGraphs":true,"m_FxEnabled":true},"in2DMode":false,"pivot":{"x":2.47121262550354,"y":1.1431796550750733,"z":-6.802713394165039},"rotation":{"x":0.22191813588142396,"y":0.027023274451494218,"z":-0.005763243418186903,"w":0.9748633503913879},"size":0.7722176909446716,"orthographic":false}