{"cameraMode":{"drawMode":0,"name":"Shaded","section":"Shading Mode"},"sceneLighting":true,"audioPlay":false,"sceneViewState":{"m_AlwaysRefresh":false,"showFog":true,"showSkybox":false,"showFlares":true,"showImageEffects":true,"showParticleSystems":true,"showVisualEffectGraphs":true,"m_FxEnabled":true},"in2DMode":false,"pivot":{"x":0.03544476628303528,"y":3.103175163269043,"z":-5.067368984222412},"rotation":{"x":0.15086150169372559,"y":-0.07049497961997986,"z":0.010822845622897148,"w":0.9861137270927429},"size":2.4510724544525148,"orthographic":false}