{"cameraMode":{"drawMode":0,"name":"Shaded","section":"Shading Mode"},"sceneLighting":true,"audioPlay":false,"sceneViewState":{"m_AlwaysRefresh":false,"showFog":true,"showSkybox":true,"showFlares":true,"showImageEffects":true,"showParticleSystems":true,"showVisualEffectGraphs":true,"m_FxEnabled":true},"in2DMode":false,"pivot":{"x":-0.6268836855888367,"y":4.022314548492432,"z":-7.495761394500732},"rotation":{"x":0.033938683569431308,"y":0.012780101969838143,"z":0.0025168443098664285,"w":0.9997571110725403},"size":3.4708173274993898,"orthographic":false}