{"cameraMode":{"drawMode":0,"name":"Shaded","section":"Shading Mode"},"sceneLighting":false,"audioPlay":false,"sceneViewState":{"m_AlwaysRefresh":false,"showFog":true,"showSkybox":false,"showFlares":true,"showImageEffects":true,"showParticleSystems":true,"showVisualEffectGraphs":true,"m_FxEnabled":true},"in2DMode":false,"pivot":{"x":-0.03493848815560341,"y":0.9475610256195068,"z":1.862645149230957e-7},"rotation":{"x":-0.27917906641960146,"y":-0.4221043884754181,"z":0.13833248615264893,"w":-0.8514512777328491},"size":0.9751190543174744,"orthographic":false}