{"cameraMode":{"drawMode":0,"name":"Shaded","section":"Shading Mode"},"sceneLighting":false,"audioPlay":false,"sceneViewState":{"m_AlwaysRefresh":false,"showFog":true,"showSkybox":false,"showFlares":true,"showImageEffects":true,"showParticleSystems":true,"showVisualEffectGraphs":true,"m_FxEnabled":true},"in2DMode":false,"pivot":{"x":-0.7533159255981445,"y":3.451038122177124,"z":2.284618616104126},"rotation":{"x":0.22191813588142396,"y":0.027023274451494218,"z":-0.005763243418186903,"w":0.9748633503913879},"size":7.7256269454956059,"orthographic":false}